,rank,level_0,level_1,high Depression,low Depression
0,4.0,Connect_satisfaction,MEAN,2.781,3.179
1,,Score 1-5,RANGE,"[2.0, 3.0]","[3.0, 4.0]"
2,,,CORR,-0.6008835869313867,-0.6008835869313867
3,,,STD,0.413,0.383
4,,,CI95,2.630 - 2.933,3.027 - 3.330
5,9.0,Connect_chatpeople,MEAN,0.281,0.357
6,,# people,RANGE,"[0.0, 3.0]","[0.0, 2.0]"
7,,,CORR,-0.1024162134193492,-0.1024162134193492
8,,,STD,0.624,0.549
9,,,CI95,0.053 - 0.510,0.140 - 0.574
10,12.0,Connect_chattime,MEAN,0.078,0.250
11,,Hrs,RANGE,"[0.0, 0.5]","[0.0, 2.0]"
12,,,CORR,-0.1684307020972659,-0.1684307020972659
13,,,STD,0.159,0.463
14,,,CI95,0.020 - 0.136,0.067 - 0.433
15,16.0,Reflect_totaltime,MEAN,32119.429,63692.500
16,,msec,RANGE,"[15859.0, 82546.0]","[6181.0, 160634.0]"
17,,,CORR,-0.0700076558452409,-0.0700076558452409
18,,,STD,22157.511,49600.402
19,,,CI95,nan - nan,nan - nan
20,20.0,Gratitude,MEAN,4.143,4.750
21,,Score 1-7,RANGE,"[3.0, 5.0]","[4.0, 5.0]"
22,,,CORR,-0.0579405130674142,-0.0579405130674142
23,,,STD,0.833,0.433
24,,,CI95,nan - nan,nan - nan
25,21.0,Reflect_activetime,MEAN,13809.286,17189.333
26,,msec,RANGE,"[3240.0, 54456.0]","[1771.0, 52985.0]"
27,,,CORR,0.0049690440310145,0.0049690440310145
28,,,STD,16709.395,16667.170
29,,,CI95,nan - nan,nan - nan
30,23.0,Connect_grouptime,MEAN,0.016,0.000
31,,Hrs,RANGE,"[0.0, 0.5]","[0.0, 0.0]"
32,,,CORR,0.0715952467873019,0.0715952467873019
33,,,STD,0.087,0.000
34,,,CI95,-0.016 - 0.047,nan - nan
35,,Connect_volunteertime,MEAN,0.000,0.000
36,,Hrs,RANGE,"[0.0, 0.0]","[0.0, 0.0]"
37,,,CORR,32,28
38,,,STD,0.000,0.000
39,,,CI95,nan - nan,nan - nan
